input,output
Las bases del naturaleza se aprenden desde jovenes El naturaleza es un campo importante para el desarrollo humano,L4s b4ses del n4tur4lez4 se 4prenden desde jovenes El n4tur4lez4 es un c4mpo import4nte p4r4 el des4rrollo hum4no
Muchas personas estudian tecnologia en diferentes instituciones educativas Muchas personas estudian tecnologia en diferentes instituciones educativas Los expertos en tecnologia ayudan a resolver problemas,Much4s person4s estudi4n tecnologi4 en diferentes instituciones educ4tiv4s Much4s person4s estudi4n tecnologi4 en diferentes instituciones educ4tiv4s Los expertos en tecnologi4 4yud4n 4 resolver problem4s
Existen muchas teorias interesantes sobre el medicina Las bases del medicina se aprenden desde jovenes El futuro del medicina depende del progreso tecnologico,Existen much4s teori4s interes4ntes sobre el medicin4 L4s b4ses del medicin4 se 4prenden desde jovenes El futuro del medicin4 depende del progreso tecnologico
Las bases del viajes se aprenden desde jovenes El futuro del viajes depende del progreso tecnologico El viajes es fundamental en nuestra sociedad moderna,L4s b4ses del vi4jes se 4prenden desde jovenes El futuro del vi4jes depende del progreso tecnologico El vi4jes es fund4ment4l en nuestr4 socied4d modern4
Las bases del arquitectura se aprenden desde jovenes Los expertos en arquitectura ayudan a resolver problemas El arquitectura es un campo importante para el desarrollo humano,L4s b4ses del 4rquitectur4 se 4prenden desde jovenes Los expertos en 4rquitectur4 4yud4n 4 resolver problem4s El 4rquitectur4 es un c4mpo import4nte p4r4 el des4rrollo hum4no
El cine es un campo importante para el desarrollo humano Cine tiene aplicaciones en la vida cotidiana Existen muchas teorias interesantes sobre el cine,El cine es un c4mpo import4nte p4r4 el des4rrollo hum4no Cine tiene 4plic4ciones en l4 vid4 cotidi4n4 Existen much4s teori4s interes4ntes sobre el cine
Los expertos en economia ayudan a resolver problemas Existen muchas teorias interesantes sobre el economia El economia es un campo importante para el desarrollo humano,Los expertos en economi4 4yud4n 4 resolver problem4s Existen much4s teori4s interes4ntes sobre el economi4 El economi4 es un c4mpo import4nte p4r4 el des4rrollo hum4no
El futuro del tecnologia depende del progreso tecnologico Existen muchas teorias interesantes sobre el tecnologia El tecnologia es un campo importante para el desarrollo humano,El futuro del tecnologi4 depende del progreso tecnologico Existen much4s teori4s interes4ntes sobre el tecnologi4 El tecnologi4 es un c4mpo import4nte p4r4 el des4rrollo hum4no
Los expertos en salud ayudan a resolver problemas El salud es un campo importante para el desarrollo humano,Los expertos en s4lud 4yud4n 4 resolver problem4s El s4lud es un c4mpo import4nte p4r4 el des4rrollo hum4no
Investigar en cine mejora el conocimiento general Muchas personas estudian cine en diferentes instituciones educativas Aprender sobre cine puede abrir nuevas oportunidades,Investig4r en cine mejor4 el conocimiento gener4l Much4s person4s estudi4n cine en diferentes instituciones educ4tiv4s 4prender sobre cine puede 4brir nuev4s oportunid4des
Muchas personas estudian salud en diferentes instituciones educativas Los expertos en salud ayudan a resolver problemas Los expertos en salud ayudan a resolver problemas,Much4s person4s estudi4n s4lud en diferentes instituciones educ4tiv4s Los expertos en s4lud 4yud4n 4 resolver problem4s Los expertos en s4lud 4yud4n 4 resolver problem4s
Muchas personas estudian cine en diferentes instituciones educativas El cine es fundamental en nuestra sociedad moderna El futuro del cine depende del progreso tecnologico,Much4s person4s estudi4n cine en diferentes instituciones educ4tiv4s El cine es fund4ment4l en nuestr4 socied4d modern4 El futuro del cine depende del progreso tecnologico
Los expertos en economia ayudan a resolver problemas Investigar en economia mejora el conocimiento general Aprender sobre economia puede abrir nuevas oportunidades,Los expertos en economi4 4yud4n 4 resolver problem4s Investig4r en economi4 mejor4 el conocimiento gener4l 4prender sobre economi4 puede 4brir nuev4s oportunid4des
El economia es fundamental en nuestra sociedad moderna Existen muchas teorias interesantes sobre el economia Muchas personas estudian economia en diferentes instituciones educativas,El economi4 es fund4ment4l en nuestr4 socied4d modern4 Existen much4s teori4s interes4ntes sobre el economi4 Much4s person4s estudi4n economi4 en diferentes instituciones educ4tiv4s
Investigar en historia mejora el conocimiento general Muchas personas estudian historia en diferentes instituciones educativas El historia es un campo importante para el desarrollo humano,Investig4r en histori4 mejor4 el conocimiento gener4l Much4s person4s estudi4n histori4 en diferentes instituciones educ4tiv4s El histori4 es un c4mpo import4nte p4r4 el des4rrollo hum4no
Existen muchas teorias interesantes sobre el musica Existen muchas teorias interesantes sobre el musica El futuro del musica depende del progreso tecnologico,Existen much4s teori4s interes4ntes sobre el music4 Existen much4s teori4s interes4ntes sobre el music4 El futuro del music4 depende del progreso tecnologico
Los expertos en literatura ayudan a resolver problemas Aprender sobre literatura puede abrir nuevas oportunidades Las bases del literatura se aprenden desde jovenes,Los expertos en liter4tur4 4yud4n 4 resolver problem4s 4prender sobre liter4tur4 puede 4brir nuev4s oportunid4des L4s b4ses del liter4tur4 se 4prenden desde jovenes
Cultura tiene aplicaciones en la vida cotidiana Las bases del cultura se aprenden desde jovenes Cultura tiene aplicaciones en la vida cotidiana,Cultur4 tiene 4plic4ciones en l4 vid4 cotidi4n4 L4s b4ses del cultur4 se 4prenden desde jovenes Cultur4 tiene 4plic4ciones en l4 vid4 cotidi4n4
Los expertos en economia ayudan a resolver problemas Investigar en economia mejora el conocimiento general Investigar en economia mejora el conocimiento general,Los expertos en economi4 4yud4n 4 resolver problem4s Investig4r en economi4 mejor4 el conocimiento gener4l Investig4r en economi4 mejor4 el conocimiento gener4l
Existen muchas teorias interesantes sobre el naturaleza El naturaleza es fundamental en nuestra sociedad moderna Aprender sobre naturaleza puede abrir nuevas oportunidades,Existen much4s teori4s interes4ntes sobre el n4tur4lez4 El n4tur4lez4 es fund4ment4l en nuestr4 socied4d modern4 4prender sobre n4tur4lez4 puede 4brir nuev4s oportunid4des
El futuro del tecnologia depende del progreso tecnologico El futuro del tecnologia depende del progreso tecnologico Las bases del tecnologia se aprenden desde jovenes,El futuro del tecnologi4 depende del progreso tecnologico El futuro del tecnologi4 depende del progreso tecnologico L4s b4ses del tecnologi4 se 4prenden desde jovenes
Existen muchas teorias interesantes sobre el naturaleza El naturaleza es un campo importante para el desarrollo humano Naturaleza tiene aplicaciones en la vida cotidiana,Existen much4s teori4s interes4ntes sobre el n4tur4lez4 El n4tur4lez4 es un c4mpo import4nte p4r4 el des4rrollo hum4no N4tur4lez4 tiene 4plic4ciones en l4 vid4 cotidi4n4
Investigar en literatura mejora el conocimiento general El literatura es fundamental en nuestra sociedad moderna Literatura tiene aplicaciones en la vida cotidiana,Investig4r en liter4tur4 mejor4 el conocimiento gener4l El liter4tur4 es fund4ment4l en nuestr4 socied4d modern4 Liter4tur4 tiene 4plic4ciones en l4 vid4 cotidi4n4
El futuro del salud depende del progreso tecnologico Investigar en salud mejora el conocimiento general El futuro del salud depende del progreso tecnologico,El futuro del s4lud depende del progreso tecnologico Investig4r en s4lud mejor4 el conocimiento gener4l El futuro del s4lud depende del progreso tecnologico
Los expertos en tecnologia ayudan a resolver problemas Muchas personas estudian tecnologia en diferentes instituciones educativas Las bases del tecnologia se aprenden desde jovenes,Los expertos en tecnologi4 4yud4n 4 resolver problem4s Much4s person4s estudi4n tecnologi4 en diferentes instituciones educ4tiv4s L4s b4ses del tecnologi4 se 4prenden desde jovenes
Aprender sobre educacion puede abrir nuevas oportunidades El futuro del educacion depende del progreso tecnologico Los expertos en educacion ayudan a resolver problemas,4prender sobre educ4cion puede 4brir nuev4s oportunid4des El futuro del educ4cion depende del progreso tecnologico Los expertos en educ4cion 4yud4n 4 resolver problem4s
Investigar en educacion mejora el conocimiento general Aprender sobre educacion puede abrir nuevas oportunidades Los expertos en educacion ayudan a resolver problemas,Investig4r en educ4cion mejor4 el conocimiento gener4l 4prender sobre educ4cion puede 4brir nuev4s oportunid4des Los expertos en educ4cion 4yud4n 4 resolver problem4s
El cine es fundamental en nuestra sociedad moderna Existen muchas teorias interesantes sobre el cine El cine es un campo importante para el desarrollo humano,El cine es fund4ment4l en nuestr4 socied4d modern4 Existen much4s teori4s interes4ntes sobre el cine El cine es un c4mpo import4nte p4r4 el des4rrollo hum4no
Las bases del ciencia se aprenden desde jovenes Investigar en ciencia mejora el conocimiento general Ciencia tiene aplicaciones en la vida cotidiana,L4s b4ses del cienci4 se 4prenden desde jovenes Investig4r en cienci4 mejor4 el conocimiento gener4l Cienci4 tiene 4plic4ciones en l4 vid4 cotidi4n4
Los expertos en economia ayudan a resolver problemas Investigar en economia mejora el conocimiento general El economia es un campo importante para el desarrollo humano,Los expertos en economi4 4yud4n 4 resolver problem4s Investig4r en economi4 mejor4 el conocimiento gener4l El economi4 es un c4mpo import4nte p4r4 el des4rrollo hum4no
Las bases del psicologia se aprenden desde jovenes Las bases del psicologia se aprenden desde jovenes Los expertos en psicologia ayudan a resolver problemas,L4s b4ses del psicologi4 se 4prenden desde jovenes L4s b4ses del psicologi4 se 4prenden desde jovenes Los expertos en psicologi4 4yud4n 4 resolver problem4s
Ciencia tiene aplicaciones en la vida cotidiana Investigar en ciencia mejora el conocimiento general Las bases del ciencia se aprenden desde jovenes,Cienci4 tiene 4plic4ciones en l4 vid4 cotidi4n4 Investig4r en cienci4 mejor4 el conocimiento gener4l L4s b4ses del cienci4 se 4prenden desde jovenes
Los expertos en cultura ayudan a resolver problemas El futuro del cultura depende del progreso tecnologico Existen muchas teorias interesantes sobre el cultura,Los expertos en cultur4 4yud4n 4 resolver problem4s El futuro del cultur4 depende del progreso tecnologico Existen much4s teori4s interes4ntes sobre el cultur4
Investigar en medicina mejora el conocimiento general El medicina es fundamental en nuestra sociedad moderna El futuro del medicina depende del progreso tecnologico,Investig4r en medicin4 mejor4 el conocimiento gener4l El medicin4 es fund4ment4l en nuestr4 socied4d modern4 El futuro del medicin4 depende del progreso tecnologico
Las bases del arquitectura se aprenden desde jovenes Investigar en arquitectura mejora el conocimiento general El arquitectura es fundamental en nuestra sociedad moderna,L4s b4ses del 4rquitectur4 se 4prenden desde jovenes Investig4r en 4rquitectur4 mejor4 el conocimiento gener4l El 4rquitectur4 es fund4ment4l en nuestr4 socied4d modern4
Investigar en musica mejora el conocimiento general El musica es fundamental en nuestra sociedad moderna Existen muchas teorias interesantes sobre el musica,Investig4r en music4 mejor4 el conocimiento gener4l El music4 es fund4ment4l en nuestr4 socied4d modern4 Existen much4s teori4s interes4ntes sobre el music4
Aprender sobre medicina puede abrir nuevas oportunidades Los expertos en medicina ayudan a resolver problemas Las bases del medicina se aprenden desde jovenes,4prender sobre medicin4 puede 4brir nuev4s oportunid4des Los expertos en medicin4 4yud4n 4 resolver problem4s L4s b4ses del medicin4 se 4prenden desde jovenes
Aprender sobre salud puede abrir nuevas oportunidades Salud tiene aplicaciones en la vida cotidiana Salud tiene aplicaciones en la vida cotidiana,4prender sobre s4lud puede 4brir nuev4s oportunid4des S4lud tiene 4plic4ciones en l4 vid4 cotidi4n4 S4lud tiene 4plic4ciones en l4 vid4 cotidi4n4
Muchas personas estudian ciencia en diferentes instituciones educativas El ciencia es un campo importante para el desarrollo humano,Much4s person4s estudi4n cienci4 en diferentes instituciones educ4tiv4s El cienci4 es un c4mpo import4nte p4r4 el des4rrollo hum4no
Historia tiene aplicaciones en la vida cotidiana El historia es un campo importante para el desarrollo humano El historia es un campo importante para el desarrollo humano,Histori4 tiene 4plic4ciones en l4 vid4 cotidi4n4 El histori4 es un c4mpo import4nte p4r4 el des4rrollo hum4no El histori4 es un c4mpo import4nte p4r4 el des4rrollo hum4no
Los expertos en economia ayudan a resolver problemas El futuro del economia depende del progreso tecnologico Aprender sobre economia puede abrir nuevas oportunidades,Los expertos en economi4 4yud4n 4 resolver problem4s El futuro del economi4 depende del progreso tecnologico 4prender sobre economi4 puede 4brir nuev4s oportunid4des
Aprender sobre tecnologia puede abrir nuevas oportunidades Los expertos en tecnologia ayudan a resolver problemas El tecnologia es fundamental en nuestra sociedad moderna,4prender sobre tecnologi4 puede 4brir nuev4s oportunid4des Los expertos en tecnologi4 4yud4n 4 resolver problem4s El tecnologi4 es fund4ment4l en nuestr4 socied4d modern4
Los expertos en economia ayudan a resolver problemas Los expertos en economia ayudan a resolver problemas Las bases del economia se aprenden desde jovenes,Los expertos en economi4 4yud4n 4 resolver problem4s Los expertos en economi4 4yud4n 4 resolver problem4s L4s b4ses del economi4 se 4prenden desde jovenes
Aprender sobre cine puede abrir nuevas oportunidades Investigar en cine mejora el conocimiento general Existen muchas teorias interesantes sobre el cine,4prender sobre cine puede 4brir nuev4s oportunid4des Investig4r en cine mejor4 el conocimiento gener4l Existen much4s teori4s interes4ntes sobre el cine
Historia tiene aplicaciones en la vida cotidiana Existen muchas teorias interesantes sobre el historia El historia es fundamental en nuestra sociedad moderna,Histori4 tiene 4plic4ciones en l4 vid4 cotidi4n4 Existen much4s teori4s interes4ntes sobre el histori4 El histori4 es fund4ment4l en nuestr4 socied4d modern4
Existen muchas teorias interesantes sobre el educacion Existen muchas teorias interesantes sobre el educacion Existen muchas teorias interesantes sobre el educacion,Existen much4s teori4s interes4ntes sobre el educ4cion Existen much4s teori4s interes4ntes sobre el educ4cion Existen much4s teori4s interes4ntes sobre el educ4cion
Los expertos en literatura ayudan a resolver problemas El literatura es fundamental en nuestra sociedad moderna El futuro del literatura depende del progreso tecnologico,Los expertos en liter4tur4 4yud4n 4 resolver problem4s El liter4tur4 es fund4ment4l en nuestr4 socied4d modern4 El futuro del liter4tur4 depende del progreso tecnologico
Investigar en naturaleza mejora el conocimiento general El futuro del naturaleza depende del progreso tecnologico Aprender sobre naturaleza puede abrir nuevas oportunidades,Investig4r en n4tur4lez4 mejor4 el conocimiento gener4l El futuro del n4tur4lez4 depende del progreso tecnologico 4prender sobre n4tur4lez4 puede 4brir nuev4s oportunid4des
Existen muchas teorias interesantes sobre el salud Los expertos en salud ayudan a resolver problemas El salud es un campo importante para el desarrollo humano,Existen much4s teori4s interes4ntes sobre el s4lud Los expertos en s4lud 4yud4n 4 resolver problem4s El s4lud es un c4mpo import4nte p4r4 el des4rrollo hum4no
Las bases del cine se aprenden desde jovenes El cine es fundamental en nuestra sociedad moderna Muchas personas estudian cine en diferentes instituciones educativas,L4s b4ses del cine se 4prenden desde jovenes El cine es fund4ment4l en nuestr4 socied4d modern4 Much4s person4s estudi4n cine en diferentes instituciones educ4tiv4s
Investigar en deportes mejora el conocimiento general Investigar en deportes mejora el conocimiento general El deportes es fundamental en nuestra sociedad moderna,Investig4r en deportes mejor4 el conocimiento gener4l Investig4r en deportes mejor4 el conocimiento gener4l El deportes es fund4ment4l en nuestr4 socied4d modern4
Las bases del naturaleza se aprenden desde jovenes Naturaleza tiene aplicaciones en la vida cotidiana El futuro del naturaleza depende del progreso tecnologico,L4s b4ses del n4tur4lez4 se 4prenden desde jovenes N4tur4lez4 tiene 4plic4ciones en l4 vid4 cotidi4n4 El futuro del n4tur4lez4 depende del progreso tecnologico
El ciencia es un campo importante para el desarrollo humano Los expertos en ciencia ayudan a resolver problemas,El cienci4 es un c4mpo import4nte p4r4 el des4rrollo hum4no Los expertos en cienci4 4yud4n 4 resolver problem4s
El historia es un campo importante para el desarrollo humano El futuro del historia depende del progreso tecnologico,El histori4 es un c4mpo import4nte p4r4 el des4rrollo hum4no El futuro del histori4 depende del progreso tecnologico
Historia tiene aplicaciones en la vida cotidiana Los expertos en historia ayudan a resolver problemas Los expertos en historia ayudan a resolver problemas,Histori4 tiene 4plic4ciones en l4 vid4 cotidi4n4 Los expertos en histori4 4yud4n 4 resolver problem4s Los expertos en histori4 4yud4n 4 resolver problem4s
Existen muchas teorias interesantes sobre el tecnologia Aprender sobre tecnologia puede abrir nuevas oportunidades El tecnologia es fundamental en nuestra sociedad moderna,Existen much4s teori4s interes4ntes sobre el tecnologi4 4prender sobre tecnologi4 puede 4brir nuev4s oportunid4des El tecnologi4 es fund4ment4l en nuestr4 socied4d modern4
Las bases del ciencia se aprenden desde jovenes Investigar en ciencia mejora el conocimiento general Muchas personas estudian ciencia en diferentes instituciones educativas,L4s b4ses del cienci4 se 4prenden desde jovenes Investig4r en cienci4 mejor4 el conocimiento gener4l Much4s person4s estudi4n cienci4 en diferentes instituciones educ4tiv4s
El futuro del historia depende del progreso tecnologico Investigar en historia mejora el conocimiento general Los expertos en historia ayudan a resolver problemas,El futuro del histori4 depende del progreso tecnologico Investig4r en histori4 mejor4 el conocimiento gener4l Los expertos en histori4 4yud4n 4 resolver problem4s
El arquitectura es fundamental en nuestra sociedad moderna El arquitectura es un campo importante para el desarrollo humano,El 4rquitectur4 es fund4ment4l en nuestr4 socied4d modern4 El 4rquitectur4 es un c4mpo import4nte p4r4 el des4rrollo hum4no
El viajes es un campo importante para el desarrollo humano Las bases del viajes se aprenden desde jovenes,El vi4jes es un c4mpo import4nte p4r4 el des4rrollo hum4no L4s b4ses del vi4jes se 4prenden desde jovenes
Las bases del psicologia se aprenden desde jovenes El psicologia es fundamental en nuestra sociedad moderna Existen muchas teorias interesantes sobre el psicologia,L4s b4ses del psicologi4 se 4prenden desde jovenes El psicologi4 es fund4ment4l en nuestr4 socied4d modern4 Existen much4s teori4s interes4ntes sobre el psicologi4
Existen muchas teorias interesantes sobre el tecnologia El tecnologia es un campo importante para el desarrollo humano Las bases del tecnologia se aprenden desde jovenes,Existen much4s teori4s interes4ntes sobre el tecnologi4 El tecnologi4 es un c4mpo import4nte p4r4 el des4rrollo hum4no L4s b4ses del tecnologi4 se 4prenden desde jovenes
Aprender sobre educacion puede abrir nuevas oportunidades Existen muchas teorias interesantes sobre el educacion Investigar en educacion mejora el conocimiento general,4prender sobre educ4cion puede 4brir nuev4s oportunid4des Existen much4s teori4s interes4ntes sobre el educ4cion Investig4r en educ4cion mejor4 el conocimiento gener4l
Aprender sobre arte puede abrir nuevas oportunidades El arte es un campo importante para el desarrollo humano El arte es fundamental en nuestra sociedad moderna,4prender sobre 4rte puede 4brir nuev4s oportunid4des El 4rte es un c4mpo import4nte p4r4 el des4rrollo hum4no El 4rte es fund4ment4l en nuestr4 socied4d modern4
Tecnologia tiene aplicaciones en la vida cotidiana Aprender sobre tecnologia puede abrir nuevas oportunidades Aprender sobre tecnologia puede abrir nuevas oportunidades,Tecnologi4 tiene 4plic4ciones en l4 vid4 cotidi4n4 4prender sobre tecnologi4 puede 4brir nuev4s oportunid4des 4prender sobre tecnologi4 puede 4brir nuev4s oportunid4des
Salud tiene aplicaciones en la vida cotidiana Aprender sobre salud puede abrir nuevas oportunidades El futuro del salud depende del progreso tecnologico,S4lud tiene 4plic4ciones en l4 vid4 cotidi4n4 4prender sobre s4lud puede 4brir nuev4s oportunid4des El futuro del s4lud depende del progreso tecnologico
Los expertos en arte ayudan a resolver problemas Aprender sobre arte puede abrir nuevas oportunidades Arte tiene aplicaciones en la vida cotidiana,Los expertos en 4rte 4yud4n 4 resolver problem4s 4prender sobre 4rte puede 4brir nuev4s oportunid4des 4rte tiene 4plic4ciones en l4 vid4 cotidi4n4
Existen muchas teorias interesantes sobre el psicologia El psicologia es fundamental en nuestra sociedad moderna El futuro del psicologia depende del progreso tecnologico,Existen much4s teori4s interes4ntes sobre el psicologi4 El psicologi4 es fund4ment4l en nuestr4 socied4d modern4 El futuro del psicologi4 depende del progreso tecnologico
El tecnologia es un campo importante para el desarrollo humano Los expertos en tecnologia ayudan a resolver problemas,El tecnologi4 es un c4mpo import4nte p4r4 el des4rrollo hum4no Los expertos en tecnologi4 4yud4n 4 resolver problem4s
Muchas personas estudian educacion en diferentes instituciones educativas Aprender sobre educacion puede abrir nuevas oportunidades Muchas personas estudian educacion en diferentes instituciones educativas,Much4s person4s estudi4n educ4cion en diferentes instituciones educ4tiv4s 4prender sobre educ4cion puede 4brir nuev4s oportunid4des Much4s person4s estudi4n educ4cion en diferentes instituciones educ4tiv4s
Investigar en salud mejora el conocimiento general Salud tiene aplicaciones en la vida cotidiana Salud tiene aplicaciones en la vida cotidiana,Investig4r en s4lud mejor4 el conocimiento gener4l S4lud tiene 4plic4ciones en l4 vid4 cotidi4n4 S4lud tiene 4plic4ciones en l4 vid4 cotidi4n4
Muchas personas estudian gastronomia en diferentes instituciones educativas El gastronomia es un campo importante para el desarrollo humano,Much4s person4s estudi4n g4stronomi4 en diferentes instituciones educ4tiv4s El g4stronomi4 es un c4mpo import4nte p4r4 el des4rrollo hum4no
Los expertos en ciencia ayudan a resolver problemas El ciencia es un campo importante para el desarrollo humano,Los expertos en cienci4 4yud4n 4 resolver problem4s El cienci4 es un c4mpo import4nte p4r4 el des4rrollo hum4no
El historia es un campo importante para el desarrollo humano Existen muchas teorias interesantes sobre el historia Las bases del historia se aprenden desde jovenes,El histori4 es un c4mpo import4nte p4r4 el des4rrollo hum4no Existen much4s teori4s interes4ntes sobre el histori4 L4s b4ses del histori4 se 4prenden desde jovenes
Las bases del literatura se aprenden desde jovenes El literatura es fundamental en nuestra sociedad moderna Aprender sobre literatura puede abrir nuevas oportunidades,L4s b4ses del liter4tur4 se 4prenden desde jovenes El liter4tur4 es fund4ment4l en nuestr4 socied4d modern4 4prender sobre liter4tur4 puede 4brir nuev4s oportunid4des
El psicologia es un campo importante para el desarrollo humano Aprender sobre psicologia puede abrir nuevas oportunidades El futuro del psicologia depende del progreso tecnologico,El psicologi4 es un c4mpo import4nte p4r4 el des4rrollo hum4no 4prender sobre psicologi4 puede 4brir nuev4s oportunid4des El futuro del psicologi4 depende del progreso tecnologico
Existen muchas teorias interesantes sobre el viajes Las bases del viajes se aprenden desde jovenes Muchas personas estudian viajes en diferentes instituciones educativas,Existen much4s teori4s interes4ntes sobre el vi4jes L4s b4ses del vi4jes se 4prenden desde jovenes Much4s person4s estudi4n vi4jes en diferentes instituciones educ4tiv4s
Muchas personas estudian psicologia en diferentes instituciones educativas Investigar en psicologia mejora el conocimiento general El psicologia es fundamental en nuestra sociedad moderna,Much4s person4s estudi4n psicologi4 en diferentes instituciones educ4tiv4s Investig4r en psicologi4 mejor4 el conocimiento gener4l El psicologi4 es fund4ment4l en nuestr4 socied4d modern4
Salud tiene aplicaciones en la vida cotidiana El futuro del salud depende del progreso tecnologico Aprender sobre salud puede abrir nuevas oportunidades,S4lud tiene 4plic4ciones en l4 vid4 cotidi4n4 El futuro del s4lud depende del progreso tecnologico 4prender sobre s4lud puede 4brir nuev4s oportunid4des
Aprender sobre cine puede abrir nuevas oportunidades Aprender sobre cine puede abrir nuevas oportunidades Muchas personas estudian cine en diferentes instituciones educativas,4prender sobre cine puede 4brir nuev4s oportunid4des 4prender sobre cine puede 4brir nuev4s oportunid4des Much4s person4s estudi4n cine en diferentes instituciones educ4tiv4s
Arquitectura tiene aplicaciones en la vida cotidiana Investigar en arquitectura mejora el conocimiento general Existen muchas teorias interesantes sobre el arquitectura,4rquitectur4 tiene 4plic4ciones en l4 vid4 cotidi4n4 Investig4r en 4rquitectur4 mejor4 el conocimiento gener4l Existen much4s teori4s interes4ntes sobre el 4rquitectur4
Existen muchas teorias interesantes sobre el educacion Existen muchas teorias interesantes sobre el educacion Investigar en educacion mejora el conocimiento general,Existen much4s teori4s interes4ntes sobre el educ4cion Existen much4s teori4s interes4ntes sobre el educ4cion Investig4r en educ4cion mejor4 el conocimiento gener4l
El futuro del cultura depende del progreso tecnologico El cultura es un campo importante para el desarrollo humano,El futuro del cultur4 depende del progreso tecnologico El cultur4 es un c4mpo import4nte p4r4 el des4rrollo hum4no
Los expertos en psicologia ayudan a resolver problemas Las bases del psicologia se aprenden desde jovenes Las bases del psicologia se aprenden desde jovenes,Los expertos en psicologi4 4yud4n 4 resolver problem4s L4s b4ses del psicologi4 se 4prenden desde jovenes L4s b4ses del psicologi4 se 4prenden desde jovenes
Las bases del medicina se aprenden desde jovenes El medicina es fundamental en nuestra sociedad moderna Aprender sobre medicina puede abrir nuevas oportunidades,L4s b4ses del medicin4 se 4prenden desde jovenes El medicin4 es fund4ment4l en nuestr4 socied4d modern4 4prender sobre medicin4 puede 4brir nuev4s oportunid4des
Aprender sobre psicologia puede abrir nuevas oportunidades Las bases del psicologia se aprenden desde jovenes Investigar en psicologia mejora el conocimiento general,4prender sobre psicologi4 puede 4brir nuev4s oportunid4des L4s b4ses del psicologi4 se 4prenden desde jovenes Investig4r en psicologi4 mejor4 el conocimiento gener4l
Aprender sobre arte puede abrir nuevas oportunidades El futuro del arte depende del progreso tecnologico El arte es un campo importante para el desarrollo humano,4prender sobre 4rte puede 4brir nuev4s oportunid4des El futuro del 4rte depende del progreso tecnologico El 4rte es un c4mpo import4nte p4r4 el des4rrollo hum4no
Muchas personas estudian tecnologia en diferentes instituciones educativas Existen muchas teorias interesantes sobre el tecnologia El futuro del tecnologia depende del progreso tecnologico,Much4s person4s estudi4n tecnologi4 en diferentes instituciones educ4tiv4s Existen much4s teori4s interes4ntes sobre el tecnologi4 El futuro del tecnologi4 depende del progreso tecnologico
El futuro del tecnologia depende del progreso tecnologico Los expertos en tecnologia ayudan a resolver problemas El tecnologia es fundamental en nuestra sociedad moderna,El futuro del tecnologi4 depende del progreso tecnologico Los expertos en tecnologi4 4yud4n 4 resolver problem4s El tecnologi4 es fund4ment4l en nuestr4 socied4d modern4
Existen muchas teorias interesantes sobre el cine Existen muchas teorias interesantes sobre el cine El cine es un campo importante para el desarrollo humano,Existen much4s teori4s interes4ntes sobre el cine Existen much4s teori4s interes4ntes sobre el cine El cine es un c4mpo import4nte p4r4 el des4rrollo hum4no
Muchas personas estudian arte en diferentes instituciones educativas Muchas personas estudian arte en diferentes instituciones educativas Existen muchas teorias interesantes sobre el arte,Much4s person4s estudi4n 4rte en diferentes instituciones educ4tiv4s Much4s person4s estudi4n 4rte en diferentes instituciones educ4tiv4s Existen much4s teori4s interes4ntes sobre el 4rte
Muchas personas estudian cine en diferentes instituciones educativas Los expertos en cine ayudan a resolver problemas Los expertos en cine ayudan a resolver problemas,Much4s person4s estudi4n cine en diferentes instituciones educ4tiv4s Los expertos en cine 4yud4n 4 resolver problem4s Los expertos en cine 4yud4n 4 resolver problem4s
Existen muchas teorias interesantes sobre el historia Investigar en historia mejora el conocimiento general Las bases del historia se aprenden desde jovenes,Existen much4s teori4s interes4ntes sobre el histori4 Investig4r en histori4 mejor4 el conocimiento gener4l L4s b4ses del histori4 se 4prenden desde jovenes
Muchas personas estudian historia en diferentes instituciones educativas El historia es fundamental en nuestra sociedad moderna El historia es un campo importante para el desarrollo humano,Much4s person4s estudi4n histori4 en diferentes instituciones educ4tiv4s El histori4 es fund4ment4l en nuestr4 socied4d modern4 El histori4 es un c4mpo import4nte p4r4 el des4rrollo hum4no
El literatura es fundamental en nuestra sociedad moderna Existen muchas teorias interesantes sobre el literatura Aprender sobre literatura puede abrir nuevas oportunidades,El liter4tur4 es fund4ment4l en nuestr4 socied4d modern4 Existen much4s teori4s interes4ntes sobre el liter4tur4 4prender sobre liter4tur4 puede 4brir nuev4s oportunid4des
Muchas personas estudian tecnologia en diferentes instituciones educativas Tecnologia tiene aplicaciones en la vida cotidiana Muchas personas estudian tecnologia en diferentes instituciones educativas,Much4s person4s estudi4n tecnologi4 en diferentes instituciones educ4tiv4s Tecnologi4 tiene 4plic4ciones en l4 vid4 cotidi4n4 Much4s person4s estudi4n tecnologi4 en diferentes instituciones educ4tiv4s
Aprender sobre historia puede abrir nuevas oportunidades El historia es fundamental en nuestra sociedad moderna Aprender sobre historia puede abrir nuevas oportunidades,4prender sobre histori4 puede 4brir nuev4s oportunid4des El histori4 es fund4ment4l en nuestr4 socied4d modern4 4prender sobre histori4 puede 4brir nuev4s oportunid4des
Los expertos en arquitectura ayudan a resolver problemas El arquitectura es fundamental en nuestra sociedad moderna Muchas personas estudian arquitectura en diferentes instituciones educativas,Los expertos en 4rquitectur4 4yud4n 4 resolver problem4s El 4rquitectur4 es fund4ment4l en nuestr4 socied4d modern4 Much4s person4s estudi4n 4rquitectur4 en diferentes instituciones educ4tiv4s
El deportes es un campo importante para el desarrollo humano Las bases del deportes se aprenden desde jovenes,El deportes es un c4mpo import4nte p4r4 el des4rrollo hum4no L4s b4ses del deportes se 4prenden desde jovenes
El gastronomia es fundamental en nuestra sociedad moderna Existen muchas teorias interesantes sobre el gastronomia Investigar en gastronomia mejora el conocimiento general,El g4stronomi4 es fund4ment4l en nuestr4 socied4d modern4 Existen much4s teori4s interes4ntes sobre el g4stronomi4 Investig4r en g4stronomi4 mejor4 el conocimiento gener4l
